Date,Vavuniya,Anuradhapura,Maha Illuppallama
20210101,0.0,0.0,0.0
20210102,2.9,0.2,0.0
20210103,3.4,14.2,3.8
20210104,15.0,7.2,19.0
20210105,0.0,1.1,2.8
20210106,34.4,38.5,5.6
20210107,0.0,0.0,0.0
20210108,16.4,0.1,8.3
20210109,14.2,11.1,39.2
20210110,31.5,25.7,27.8
20210111,77.1,16.5,13.0
20210112,15.4,7.7,3.4
20210113,7.6,23.9,0.4
20210114,0.8,5.9,7.6
20210115,0.0,0.4,1.6
20210116,0.0,0.1,2.2
20210117,0.0,1.2,1.7
20210118,0.0,0.0,0.0
20210119,1.2,0.0,7.2
20210120,0.2,0.2,0.0
20210121,0.0,0.0,0.0
20210122,0.0,0.0,0.0
20210123,0.0,0.0,0.0
20210124,0.0,0.0,0.0
20210125,0.0,0.0,0.0
20210126,0.0,0.0,0.0
20210127,0.0,0.0,0.0
20210128,0.0,0.0,0.0
20210129,9.3,1.5,2.1
20210130,2.6,0.0,5.3
20210131,1.0,13.1,15.9
20210201,10.2,11.3,13.5
20210202,1.7,1.5,8.5
20210203,0.0,0.0,0.0
20210204,0.0,0.0,0.0
20210205,0.0,0.0,0.0
20210206,0.0,0.0,0.8
20210207,0.0,5.6,0.4
20210208,0.0,0.0,0.0
20210209,0.0,0.0,0.0
20210210,0.0,0.0,0.0
20210211,0.0,0.0,0.0
20210212,0.0,0.0,0.0
20210213,0.0,0.0,0.0
20210214,0.0,0.0,0.0
20210215,0.0,0.0,0.0
20210216,0.0,0.0,0.0
20210217,0.0,0.0,0.0
20210218,0.0,0.0,0.0
20210219,7.2,0.0,0.0
20210220,0.0,0.4,6.4
20210221,0.0,0.0,0.0
20210222,0.0,0.0,0.0
20210223,0.0,0.0,0.0
20210224,0.0,0.0,0.0
20210225,0.0,0.0,0.0
20210226,0.0,0.0,0.0
20210227,0.0,0.0,0.0
20210228,0.0,0.0,0.0
20210301,0.0,0.0,0.0
20210302,0.0,0.0,0.0
20210303,0.0,0.0,0.0
20210304,0.0,0.0,0.0
20210305,0.0,0.0,0.0
20210306,0.0,0.0,5.5
20210307,0.0,0.8,0.3
20210308,1.0,17.3,12.3
20210309,1.8,0.0,0.0
20210310,4.3,20.5,8.1
20210311,0.0,0.0,0.0
20210312,0.0,0.0,0.0
20210313,0.0,0.0,0.0
20210314,0.0,0.3,3.8
20210315,0.0,0.0,0.0
20210316,0.0,0.0,0.0
20210317,0.0,0.0,0.0
20210318,0.0,0.0,0.0
20210319,0.0,0.0,0.0
20210320,0.0,0.4,3.6
20210321,4.2,0.0,0.0
20210322,0.0,0.0,0.0
20210323,0.0,0.0,0.0
20210324,0.0,0.0,0.0
20210325,0.0,0.0,0.0
20210326,0.0,0.0,0.3
20210327,0.5,0.0,0.2
20210328,0.0,0.0,0.0
20210329,0.0,1.2,7.2
20210330,0.0,0.0,0.0
20210331,0.0,0.0,0.0
20210401,0.0,0.0,0.0
20210402,0.0,0.0,0.0
20210403,0.0,0.0,0.0
20210404,5.2,0.0,0.0
20210405,0.0,0.0,0.0
20210406,0.0,0.0,0.0
20210407,0.0,0.0,0.0
20210408,1.5,0.2,0.0
20210409,14.9,25.2,0.6
20210410,0.0,9.1,0.0
20210411,39.0,19.0,41.3
20210412,11.5,0.0,0.0
20210413,0.0,25.1,0.0
20210414,2.2,10.4,41.6
20210415,11.2,0.6,47.5
20210416,9.8,0.0,0.0
20210417,8.2,0.0,19.3
20210418,0.0,0.0,0.0
20210419,0.0,0.0,0.0
20210420,0.0,0.0,0.0
20210421,0.0,6.1,0.0
20210422,0.0,0.0,0.3
20210423,0.0,0.0,0.0
20210424,42.0,1.7,4.8
20210425,0.0,14.8,0.7
20210426,0.0,0.0,3.4
20210427,0.0,0.0,0.0
20210428,0.0,18.8,0.0
20210429,0.0,0.0,0.0
20210430,6.0,0.0,17.0
20210501,0.0,1.4,0.6
20210502,7.7,7.1,27.3
20210503,16.1,5.8,2.3
20210504,4.6,10.9,20.6
20210505,0.0,1.4,0.0
20210506,3.4,0.8,0.0
20210507,0.0,19.4,0.7
20210508,0.0,0.0,0.0
20210509,5.2,0.0,0.5
20210510,40.5,0.3,10.8
20210511,0.0,0.0,0.0
20210512,0.0,0.0,0.0
20210513,0.0,15.0,9.5
20210514,0.0,0.3,1.5
20210515,0.0,1.0,1.2
20210516,0.0,0.1,16.6
20210517,0.0,0.0,0.0
20210518,0.0,0.0,0.0
20210519,0.6,0.0,0.3
20210520,0.0,0.0,0.0
20210521,0.0,0.2,5.2
20210522,6.2,5.3,6.0
20210523,0.0,19.0,0.8
20210524,0.0,0.0,1.8
20210525,1.8,2.6,1.5
20210526,0.0,0.0,6.1
20210527,0.0,0.0,0.0
20210528,0.0,0.0,0.0
20210529,0.0,0.0,0.0
20210530,0.0,0.0,0.0
20210531,0.0,0.0,0.0
20210601,0.0,0.0,0.0
20210602,0.0,0.0,0.0
20210603,9.2,0.0,0.8
20210604,3.3,2.2,46.5
20210605,5.7,0.1,0.2
20210606,0.0,0.0,0.0
20210607,0.0,0.0,0.0
20210608,0.0,0.0,0.4
20210609,0.0,0.0,0.0
20210610,0.0,0.0,0.0
20210611,0.0,0.0,0.0
20210612,0.0,0.0,0.0
20210613,0.0,0.0,0.0
20210614,0.0,0.0,0.0
20210615,0.0,0.7,0.0
20210616,0.0,0.0,5.5
20210617,0.0,0.0,0.0
20210618,0.0,0.0,0.0
20210619,0.0,0.0,0.0
20210620,0.0,0.0,0.0
20210621,0.0,0.0,0.0
20210622,0.0,0.0,0.0
20210623,0.0,0.0,0.0
20210624,0.0,0.0,0.0
20210625,0.0,0.0,0.0
20210626,0.0,0.0,0.0
20210627,14.9,0.0,0.0
20210628,0.0,0.0,0.0
20210629,0.0,0.0,2.8
20210630,0.0,0.0,0.0
20210701,0.0,0.0,1.4
20210702,0.0,0.0,0.0
20210703,0.0,0.0,0.0
20210704,0.6,0.0,6.9
20210705,1.1,45.8,10.0
20210706,0.0,0.0,0.0
20210707,0.0,0.0,0.0
20210708,1.1,0.0,0.0
20210709,1.0,0.2,3.0
20210710,0.0,0.0,0.0
20210711,0.0,0.0,0.0
20210712,0.0,0.0,0.0
20210713,0.0,0.0,0.0
20210714,0.0,0.0,0.0
20210715,0.0,0.0,0.0
20210716,0.0,0.0,0.0
20210717,4.9,26.1,1.0
20210718,0.3,0.0,0.0
20210719,0.0,0.0,0.0
20210720,0.0,0.0,0.0
20210721,0.0,0.0,0.0
20210722,0.0,0.0,0.5
20210723,0.0,0.0,1.8
20210724,0.0,0.0,0.0
20210725,0.0,0.0,0.2
20210726,0.0,0.0,0.0
20210727,0.0,0.0,0.0
20210728,0.0,0.0,0.0
20210729,0.0,0.0,0.0
20210730,0.0,0.0,0.0
20210731,0.0,0.0,0.0
20210801,0.0,0.0,0.0
20210802,0.0,0.0,0.0
20210803,0.0,0.0,0.0
20210804,0.0,0.0,0.0
20210805,0.0,0.0,0.0
20210806,0.0,0.0,0.0
20210807,0.0,0.0,0.0
20210808,0.0,0.0,0.8
20210809,0.0,0.0,0.0
20210810,0.0,0.0,0.0
20210811,36.3,0.0,0.0
20210812,0.0,0.0,0.0
20210813,0.0,0.0,0.0
20210814,0.6,0.0,0.0
20210815,14.3,0.0,0.0
20210816,0.0,0.0,0.0
20210817,0.0,0.0,0.0
20210818,0.0,0.0,0.0
20210819,0.0,0.0,0.0
20210820,0.0,0.0,0.2
20210821,18.8,4.9,2.2
20210822,53.4,100.1,14.6
20210823,0.0,0.0,0.0
20210824,0.0,0.0,0.0
20210825,0.0,1.1,0.1
20210826,0.1,0.1,1.3
20210827,0.0,0.0,0.0
20210828,0.0,0.0,0.0
20210829,0.0,0.0,2.5
20210830,0.0,0.0,0.0
20210831,0.0,0.0,0.0
20210901,0.0,0.0,0.0
20210902,20.9,35.9,0.0
20210903,0.0,2.3,0.0
20210904,0.0,0.0,0.0
20210905,0.0,0.0,4.4
20210906,0.0,0.0,0.0
20210907,0.0,0.0,0.0
20210908,0.0,0.0,0.0
20210909,0.0,0.0,0.0
20210910,0.0,0.0,0.0
20210911,0.0,0.0,0.0
20210912,0.0,0.0,0.0
20210913,0.0,0.0,0.0
20210914,0.0,0.0,0.0
20210915,0.0,0.0,0.0
20210916,0.0,0.0,0.0
20210917,1.3,0.0,0.0
20210918,34.6,15.8,0.9
20210919,0.7,0.6,0.0
20210920,2.6,0.0,0.0
20210921,0.0,0.0,0.0
20210922,24.1,0.0,0.0
20210923,21.4,0.0,0.0
20210924,33.7,71.9,44.3
20210925,0.0,0.0,0.0
20210926,26.7,3.0,2.0
20210927,0.0,0.0,0.0
20210928,0.0,0.0,0.0
20210929,0.0,0.0,0.0
20210930,4.4,3.1,7.5
20211001,0.6,1.8,24.5
20211002,16.4,0.2,1.1
20211003,1.4,0.1,0.0
20211004,13.1,22.3,17.4
20211005,19.5,19.7,20.1
20211006,0.0,0.0,0.0
20211007,0.0,0.0,0.0
20211008,0.0,2.6,9.1
20211009,0.0,0.1,0.7
20211010,27.9,30.9,44.4
20211011,0.5,0.0,0.4
20211012,0.0,0.0,0.0
20211013,0.0,0.0,0.0
20211014,0.0,0.0,0.0
20211015,0.0,0.0,0.3
20211016,5.4,7.8,11.7
20211017,0.3,0.0,0.0
20211018,0.0,0.0,0.0
20211019,0.0,0.0,0.0
20211020,5.5,38.8,0.0
20211021,12.1,2.2,5.4
20211022,27.6,6.8,24.4
20211023,0.0,0.4,0.0
20211024,0.8,0.2,0.0
20211025,0.0,0.0,0.0
20211026,46.7,18.1,29.0
20211027,20.3,5.5,19.9
20211028,15.7,39.6,43.1
20211029,8.7,12.3,19.3
20211030,34.1,72.1,110.5
20211031,37.9,0.0,2.5
20211101,18.8,24.2,5.8
20211102,0.0,0.0,5.1
20211103,2.5,19.7,82.6
20211104,2.9,19.8,0.7
20211105,0.0,0.0,0.0
20211106,18.2,30.5,6.7
20211107,13.7,17.6,13.0
20211108,41.9,154.7,33.5
20211109,2.0,3.4,0.5
20211110,0.1,0.0,0.0
20211111,0.0,5.9,6.0
20211112,4.8,0.7,16.6
20211113,7.8,5.7,20.9
20211114,5.4,1.5,10.2
20211115,1.3,0.0,0.0
20211116,0.0,0.0,0.0
20211117,27.2,49.4,31.7
20211118,1.5,7.4,0.0
20211119,0.0,0.0,0.3
20211120,0.0,0.0,0.0
20211121,0.0,0.0,0.0
20211122,2.0,1.2,0.0
20211123,61.1,39.3,35.1
20211124,74.4,3.2,32.2
20211125,59.2,20.6,9.8
20211126,4.9,0.3,0.0
20211127,27.5,4.9,6.0
20211128,1.2,1.6,14.2
20211129,7.5,2.0,0.2
20211130,0.0,0.0,0.1
20211201,0.0,0.0,26.1
20211202,0.7,2.5,0.2
20211203,0.0,0.0,0.0
20211204,0.0,0.0,0.0
20211205,0.0,3.2,0.0
20211206,0.0,2.0,10.0
20211207,0.0,0.0,0.0
20211208,15.3,0.5,0.0
20211209,0.0,1.0,1.0
20211210,0.0,0.0,0.0
20211211,5.0,0.0,0.3
20211212,5.7,11.6,10.2
20211213,0.0,18.3,6.8
20211214,56.3,13.5,15.1
20211215,13.8,1.2,0.2
20211216,6.6,0.0,15.2
20211217,3.8,0.3,0.7
20211218,3.6,5.9,13.9
20211219,0.0,0.0,0.0
20211220,0.0,0.0,0.0
20211221,0.0,0.0,0.0
20211222,0.0,0.0,0.0
20211223,0.0,0.0,0.0
20211224,0.0,0.0,0.0
20211225,0.0,0.0,0.0
20211226,0.0,0.0,2.1
20211227,0.0,0.0,0.0
20211228,0.0,0.0,0.0
20211229,9.2,0.0,0.0
20211230,24.7,8.3,18.3
20211231,12.1,6.6,4.6
20220101,10.2,16.2,27.4
20220102,10.3,15.6,16.9
20220103,0.0,19.6,21.2
20220104,0.0,0.0,0.0
20220105,2.9,0.1,10.0
20220106,0.0,0.0,0.0
20220107,10.0,7.0,0.0
20220108,0.0,0.1,7.9
20220109,0.0,9.7,0.0
20220110,0.0,0.0,0.0
20220111,0.0,0.0,0.0
20220112,0.0,0.0,0.0
20220113,0.0,0.0,0.0
20220114,0.0,0.0,0.0
20220115,0.0,0.0,0.0
20220116,0.0,0.0,0.0
20220117,0.0,0.0,0.0
20220118,0.4,0.0,0.2
20220119,0.0,0.0,0.0
20220120,0.0,0.0,0.0
20220121,0.0,0.0,0.0
20220122,0.0,0.0,0.0
20220123,0.0,0.0,0.0
20220124,35.9,2.1,0.0
20220125,0.0,0.0,0.0
20220126,0.0,0.0,0.0
20220127,0.1,0.0,0.5
20220128,14.1,2.7,3.5
20220129,4.8,0.0,2.8
20220130,1.5,0.0,0.0
20220131,0.0,0.0,0.0
20220201,0.0,0.0,0.0
20220202,0.0,0.0,0.0
20220203,0.0,0.0,0.0
20220204,0.0,0.0,0.0
20220205,0.0,0.0,0.0
20220206,0.0,0.0,0.0
20220207,0.0,0.0,0.0
20220208,0.0,0.0,0.0
20220209,2.8,0.0,0.4
20220210,8.6,0.0,6.2
20220211,5.9,0.3,0.4
20220212,62.7,24.1,62.0
20220213,4.0,8.3,3.8
20220214,0.0,0.0,0.0
20220215,0.0,0.0,0.0
20220216,0.0,0.0,0.0
20220217,0.0,0.0,0.0
20220218,0.0,0.0,0.0
20220219,1.1,0.6,7.8
20220220,0.0,0.0,0.0
20220221,0.0,0.0,0.0
20220222,0.0,0.0,0.0
20220223,0.0,37.5,0.0
20220224,0.0,0.0,0.0
20220225,0.0,0.0,0.0
20220226,0.0,0.0,0.6
20220227,0.0,0.0,0.0
20220228,0.0,0.0,0.0
20220301,0.0,0.0,0.0
20220302,0.0,0.0,0.0
20220303,4.6,0.1,0.1
20220304,8.0,14.6,1.9
20220305,0.0,0.0,0.0
20220306,0.0,0.0,0.0
20220307,0.0,0.0,0.0
20220308,0.0,0.0,0.0
20220309,0.0,0.0,0.0
20220310,0.0,0.0,0.0
20220311,0.0,0.0,0.0
20220312,0.0,0.0,0.6
20220313,0.0,0.0,0.0
20220314,0.0,0.0,0.0
20220315,0.0,0.0,0.0
20220316,0.0,0.0,0.0
20220317,0.0,0.0,1.8
20220318,0.0,0.0,0.0
20220319,0.0,0.0,0.0
20220320,0.0,0.0,0.0
20220321,0.0,0.0,0.0
20220322,0.0,0.0,0.0
20220323,3.5,48.5,1.1
20220324,0.0,0.0,8.8
20220325,16.2,2.5,4.5
20220326,0.0,24.4,21.2
20220327,0.0,0.0,0.0
20220328,0.0,0.0,0.0
20220329,2.1,0.0,0.0
20220330,10.1,0.0,0.0
20220331,5.8,0.0,0.0
20220401,1.5,0.0,0.0
20220402,0.0,0.0,0.0
20220403,18.3,34.3,27.3
20220404,11.4,0.0,0.0
20220405,16.7,16.5,17.5
20220406,0.0,0.0,12.9
20220407,0.0,23.3,29.7
20220408,7.6,53.6,36.7
20220409,66.4,30.5,17.5
20220410,57.4,54.3,10.6
20220411,73.5,0.0,4.5
20220412,40.3,53.3,49.2
20220413,3.2,29.1,2.0
20220414,16.3,0.5,0.1
20220415,0.0,0.0,0.0
20220416,0.0,0.0,0.0
20220417,0.0,0.0,0.0
20220418,0.0,0.0,0.0
20220419,0.0,2.2,0.0
20220420,0.0,0.0,0.0
20220421,4.2,49.9,8.9
20220422,23.7,41.2,75.9
20220423,2.9,3.1,8.9
20220424,0.0,0.0,0.0
20220425,0.0,0.0,0.0
20220426,0.0,0.0,0.0
20220427,0.0,0.0,0.0
20220428,13.0,28.3,29.5
20220429,0.0,20.9,12.9
20220430,0.0,0.0,0.0
20220601,0.0,0.0,0.0
20220602,0.0,0.0,0.0
20220603,0.0,0.0,0.0
20220604,0.0,0.0,0.0
20220605,0.0,0.0,0.0
20220606,0.0,0.0,0.0
20220607,0.0,0.0,0.0
20220608,0.0,0.0,0.0
20220609,0.0,0.0,0.0
20220610,0.0,0.0,0.0
20220611,0.0,0.0,0.0
20220612,0.0,0.0,0.0
20220613,0.0,0.0,0.0
20220614,1.3,0.0,0.2
20220615,3.4,0.0,0.0
20220616,1.7,2.8,1.4
20220617,78.3,10.9,0.0
20220618,1.4,0.0,0.0
20220619,0.0,0.0,0.0
20220620,0.0,0.0,0.0
20220621,0.0,0.0,0.0
20220622,0.0,0.0,0.0
20220623,0.0,0.0,0.0
20220624,0.0,0.0,0.5
20220625,0.0,0.0,0.0
20220626,0.0,0.0,0.0
20220627,0.0,0.0,0.0
20220628,0.0,0.0,0.0
20220629,0.0,0.0,0.0
20220630,0.0,0.0,0.0
20220701,0.0,0.0,0.0
20220702,0.0,0.0,0.0
20220703,0.0,0.0,0.0
20220704,0.0,0.0,0.0
20220705,0.0,0.0,0.0
20220706,0.0,0.0,0.0
20220707,0.0,0.0,0.0
20220708,0.0,0.0,0.0
20220709,0.0,0.0,0.0
20220710,0.0,0.0,0.0
20220711,0.0,0.0,0.0
20220712,0.0,0.0,0.0
20220713,0.0,0.0,0.0
20220714,0.0,0.0,0.0
20220715,0.0,0.0,0.0
20220716,0.0,0.0,0.0
20220717,0.0,0.0,0.0
20220718,18.0,0.6,0.9
20220719,0.8,25.7,105.3
20220720,51.2,0.0,0.0
20220721,0.0,14.7,0.3
20220722,0.0,0.0,0.0
20220723,0.0,0.0,0.0
20220724,0.0,0.0,0.0
20220725,9.2,7.8,18.2
20220726,0.0,25.8,21.4
20220727,14.3,7.4,3.4
20220728,35.6,5.1,30.5
20220729,0.3,0.0,0.0
20220730,13.8,0.0,0.0
20220731,0.7,0.0,0.0
20220801,0.0,2.6,1.3
20220802,0.0,0.0,0.4
20220803,0.0,0.0,0.2
20220804,0.0,0.0,0.5
20220805,0.0,0.0,0.0
20220806,0.0,0.0,0.0
20220807,0.0,0.0,0.0
20220808,0.0,0.0,0.0
20220809,0.0,0.0,0.0
20220810,0.0,0.0,0.0
20220811,0.0,0.0,0.0
20220812,0.0,0.0,0.0
20220813,0.0,0.0,0.0
20220814,0.0,0.0,0.0
20220815,15.8,0.0,0.0
20220816,8.0,0.0,0.0
20220817,0.0,0.0,0.0
20220818,9.4,0.0,0.0
20220819,0.0,0.0,0.0
20220820,18.6,0.0,0.0
20220821,0.0,0.0,0.0
20220822,0.0,0.0,0.0
20220823,0.0,0.0,0.0
20220824,12.3,0.0,0.0
20220825,0.0,0.0,0.0
20220826,0.0,17.4,24.0
20220827,0.0,0.0,0.0
20220828,32.2,0.0,0.0
20220829,0.0,0.6,11.5
20220830,5.3,33.9,54.8
20220831,2.4,0.5,4.4
20220901,0.7,1.5,1.4
20220902,0.0,0.2,0.1
20220903,0.0,0.0,0.2
20220904,0.0,0.0,0.0
20220905,15.1,35.3,23.1
20220906,0.0,0.0,0.0
20220907,0.0,0.0,0.0
20220908,0.0,0.0,0.0
20220909,0.0,0.0,0.0
20220910,0.0,0.0,0.0
20220911,0.0,0.0,0.0
20220912,0.0,0.0,0.0
20220913,0.0,0.0,0.0
20220914,0.0,0.0,0.0
20220915,0.0,0.0,0.0
20220916,0.0,0.0,0.0
20220917,0.0,0.0,0.0
20220918,0.0,0.0,0.0
20220919,0.0,0.0,0.0
20220920,0.0,0.0,0.0
20220921,0.0,0.0,0.0
20220922,0.0,0.0,0.0
20220923,0.0,0.0,0.0
20220924,0.0,0.0,0.0
20220925,6.7,2.8,1.1
20220926,0.5,0.0,0.0
20220927,21.1,1.3,0.0
20220928,0.0,0.0,0.0
20220929,0.0,0.0,0.2
20220930,0.0,0.0,0.0
20221001,0.0,0.0,0.0
20221002,0.0,0.0,0.0
20221003,0.0,0.0,0.0
20221004,0.0,0.0,0.0
20221005,0.0,0.0,0.0
20221006,0.0,0.0,0.0
20221007,2.2,0.0,0.0
20221008,20.7,0.0,0.7
20221009,2.7,0.0,11.1
20221010,82.2,0.2,0.0
20221011,1.2,0.4,0.0
20221012,2.3,0.0,0.0
20221013,10.2,15.5,0.6
20221014,0.0,32.4,7.2
20221015,22.1,8.1,0.5
20221016,0.0,8.1,1.1
20221017,10.1,10.7,1.1
20221018,0.5,2.1,5.1
20221019,0.0,0.6,2.1
20221020,11.8,41.7,21.0
20221021,6.7,20.3,11.3
20221022,19.8,0.8,22.0
20221023,2.5,0.0,4.0
20221024,0.0,0.0,0.0
20221025,0.0,11.8,0.0
20221026,0.0,0.0,0.0
20221027,0.0,0.0,0.0
20221028,0.0,0.0,0.0
20221029,5.6,0.0,0.0
20221030,8.1,14.0,7.6
20221031,2.8,2.5,8.9
20221101,21.8,30.9,15.3
20221102,0.0,6.1,9.1
20221103,7.6,13.0,55.3
20221104,13.0,45.8,1.8
20221105,1.7,11.0,16.3
20221106,0.0,3.3,0.0
20221107,9.9,1.0,0.0
20221108,22.4,55.9,49.3
20221109,12.6,1.0,5.7
20221110,3.6,3.8,4.6
20221111,2.4,3.3,20.2
20221112,15.3,22.6,1.2
20221113,0.0,0.8,7.8
20221114,2.5,8.6,12.8
20221115,0.0,0.0,0.0
20221116,0.0,0.0,0.0
20221117,0.0,0.0,0.0
20221118,0.0,0.0,0.0
20221119,0.0,0.0,0.0
20221120,0.0,0.0,0.0
20221121,0.0,0.0,0.0
20221122,0.0,0.0,0.0
20221123,0.0,0.0,0.0
20221124,0.0,0.0,0.0
20221125,0.0,0.0,0.0
20221126,0.0,0.0,0.0
20221127,0.0,0.0,0.0
20221128,0.0,0.0,0.0
20221129,0.0,0.0,0.0
20221130,0.0,0.0,0.0
20221201,0.5,2.3,1.5
20221202,26.4,6.2,2.3
20221203,6.9,15.7,23.9
20221204,35.4,1.3,0.0
20221205,0.0,0.2,0.0
20221206,0.0,0.0,0.0
20221207,4.4,1.9,1.8
20221208,86.7,40.2,19.4
20221209,1.7,0.2,1.6
20221210,0.5,0.0,6.3
20221211,0.0,0.0,0.8
20221212,5.9,2.1,10.7
20221213,0.0,1.7,0.0
20221214,0.0,0.0,0.0
20221215,0.0,0.0,0.0
20221216,0.0,0.0,1.9
20221217,0.0,0.0,1.2
20221218,5.0,2.3,5.5
20221219,37.1,106.6,70.4
20221220,0.0,0.4,0.0
20221221,21.9,68.7,27.3
20221222,1.0,0.6,1.4
20221223,0.7,1.6,1.5
20221224,18.1,30.7,46.3
20221225,9.1,18.5,6.8
20221226,0.0,7.8,8.7
20221227,0.0,0.6,3.9
20221228,0.0,0.6,0.7
20221229,0.0,0.0,0.0
20221230,0.0,0.0,0.0
20221231,0.0,0.0,0.0
20230101,0.0,0.0,0.0
20230102,0.0,0.0,0.0
20230103,0.0,0.0,0.0
20230104,0.0,0.0,0.0
20230105,13.6,8.1,4.3
20230106,2.1,10.4,9.0
20230107,33.1,80.0,52.0
20230108,0.0,0.0,0.0
20230109,0.0,0.0,0.0
20230110,0.0,0.0,0.0
20230111,0.0,0.0,0.0
20230112,0.0,0.0,0.0
20230113,0.0,0.0,0.0
20230114,0.0,0.0,0.0
20230115,0.0,0.0,0.0
20230116,0.0,0.0,2.1
20230117,0.0,0.0,0.0
20230118,0.0,0.0,0.0
20230119,0.0,0.0,0.0
20230120,0.0,0.0,0.0
20230121,0.0,2.7,3.6
20230122,0.3,0.0,0.6
20230123,5.9,40.0,41.1
20230124,0.0,0.0,0.0
20230125,0.0,0.0,0.0
20230126,0.0,0.0,0.0
20230127,0.0,0.0,0.0
20230128,0.0,0.0,0.0
20230129,3.6,0.0,0.0
20230130,2.3,8.1,0.0
20230131,0.6,0.0,0.9
20230201,29.3,30.5,15.1
20230202,189.2,17.8,32.4
20230203,0.0,0.8,8.5
20230204,4.6,8.2,8.9
20230205,0.0,0.0,0.0
20230206,0.0,0.3,1.8
20230207,0.0,0.0,4.6
20230208,0.0,0.0,0.0
20230209,0.0,0.0,0.0
20230210,0.0,0.0,0.0
20230211,0.0,0.0,0.0
20230212,0.0,0.0,0.0
20230213,0.0,0.0,0.0
20230214,0.0,0.0,0.0
20230215,0.0,0.0,0.0
20230216,0.0,0.0,0.0
20230217,0.0,0.0,0.0
20230218,0.0,1.4,4.8
20230219,0.0,0.0,0.0
20230220,0.0,0.6,7.1
20230221,0.0,0.0,0.0
20230222,0.0,0.0,0.0
20230223,0.0,0.0,0.0
20230224,0.0,0.0,0.0
20230225,0.0,0.0,0.0
20230226,0.0,0.0,0.0
20230227,9.8,1.6,0.3
20230228,3.3,7.9,9.7
20230301,0.0,0.0,0.0
20230302,0.0,0.0,0.0
20230303,0.0,0.0,0.0
20230304,0.0,0.0,0.6
20230305,0.0,0.0,0.0
20230306,0.0,0.0,0.0
20230307,0.4,0.0,0.0
20230308,0.0,0.0,0.0
20230309,0.0,0.0,0.0
20230310,0.0,0.0,0.0
20230311,0.0,0.0,0.0
20230312,0.0,0.0,0.0
20230313,0.0,0.0,0.0
20230314,0.0,0.0,0.0
20230315,0.0,1.3,10.7
20230316,0.0,0.0,0.0
20230317,0.0,0.0,0.0
20230318,0.0,26.9,116.6
20230319,0.0,0.0,16.7
20230320,13.9,10.4,0.0
20230321,0.0,0.0,0.0
20230322,1.5,11.5,17.0
20230323,22.6,11.2,2.9
20230324,19.8,0.0,0.8
20230325,0.0,0.0,0.0
20230326,0.0,6.3,1.7
20230327,0.0,0.0,0.0
20230328,0.0,0.0,0.0
20230329,0.0,0.0,0.0
20230330,0.0,0.0,3.5
20230331,0.0,4.6,0.0
20230401,0.0,6.4,2.9
20230402,0.0,11.1,40.3
20230403,0.0,32.3,0.0
20230404,23.5,88.0,2.3
20230405,0.0,1.4,2.4
20230406,0.0,0.0,0.0
20230407,0.0,0.0,0.0
20230408,0.0,0.0,0.0
20230409,0.0,2.1,1.7
20230410,0.0,0.0,0.0
20230411,0.0,0.0,0.0
20230412,0.0,0.0,0.0
20230413,0.0,0.0,0.4
20230414,0.0,0.0,0.0
20230415,0.0,39.5,10.4
20230416,36.6,0.0,1.0
20230417,0.0,1.8,0.0
20230418,0.0,0.0,0.0
20230419,0.0,0.0,0.0
20230420,3.0,0.3,3.7
20230421,0.1,0.0,0.0
20230422,0.0,0.0,4.1
20230423,0.0,0.2,0.0
20230424,0.0,0.0,0.0
20230425,0.0,0.0,0.1
20230426,0.0,3.7,2.3
20230427,0.0,0.0,0.0
20230428,0.0,0.0,0.2
20230429,6.6,0.0,2.0
20230430,11.1,87.7,33.6
20230501,15.6,12.8,5.2
20230502,1.5,0.0,0.0
20230503,16.9,6.3,7.3
20230504,51.6,55.6,36.5
20230505,0.0,0.0,0.0
20230506,66.4,7.6,12.4
20230507,9.0,7.8,1.7
20230508,0.0,0.7,4.6
20230509,1.8,2.2,20.0
20230510,9.1,0.0,0.0
20230511,0.0,0.0,0.0
20230512,0.0,0.0,0.0
20230513,0.0,0.0,0.0
20230514,0.0,0.0,0.0
20230515,0.0,0.0,0.0
20230516,0.0,0.0,0.0
20230517,0.0,0.0,0.0
20230518,3.6,3.5,0.0
20230519,0.0,0.0,0.0
20230520,0.0,0.0,0.0
20230521,0.0,0.0,0.0
20230522,0.0,0.0,0.2
20230523,0.0,0.0,0.0
20230524,0.0,0.0,0.0
20230525,0.0,0.0,0.0
20230526,0.0,0.0,0.0
20230527,0.0,0.0,0.0
20230528,0.0,0.0,0.0
20230529,3.4,24.7,0.7
20230530,0.0,0.0,0.0
20230531,0.0,0.0,0.0
20230601,0.0,0.0,0.0
20230602,0.0,0.0,0.0
20230603,0.0,0.0,0.0
20230604,0.0,0.0,0.0
20230605,0.0,0.0,0.0
20230606,0.0,0.0,0.0
20230607,0.0,0.0,0.0
20230608,0.0,0.0,0.0
20230609,0.0,0.0,0.0
20230610,0.0,0.0,0.0
20230611,0.0,0.0,0.0
20230612,0.0,0.0,0.6
20230613,0.0,0.0,0.0
20230614,0.0,0.0,0.0
20230615,0.0,0.0,0.0
20230616,0.0,0.0,0.0
20230617,0.0,0.0,0.0
20230618,18.0,1.8,0.0
20230619,0.0,0.0,0.0
20230620,0.0,0.0,0.0
20230621,2.0,0.0,0.0
20230622,0.0,0.0,0.0
20230623,0.0,0.0,0.0
20230624,0.0,0.0,0.0
20230625,0.0,0.0,0.0
20230626,0.0,0.0,0.0
20230627,0.0,0.0,0.0
20230628,0.0,0.0,0.0
20230629,0.0,0.0,0.0
20230630,0.0,0.0,0.0
20230701,0.0,0.0,0.0
20230702,0.0,0.0,0.0
20230703,0.0,0.0,0.0
20230704,0.0,0.0,2.4
20230705,0.0,0.0,0.0
20230706,0.0,0.0,0.0
20230707,0.0,0.0,0.0
20230708,0.0,0.0,0.0
20230709,0.0,0.0,0.0
20230710,0.0,0.0,0.0
20230711,0.0,0.0,0.0
20230712,0.0,0.0,0.0
20230713,0.0,0.0,0.0
20230714,0.0,0.0,0.0
20230715,0.0,0.0,0.0
20230716,0.0,0.0,0.0
20230717,0.0,0.0,0.0
20230718,0.0,0.0,0.0
20230719,0.0,0.0,0.0
20230720,0.0,0.0,0.0
20230721,0.0,0.0,0.0
20230722,0.0,0.0,0.0
20230723,0.0,0.0,0.0
20230724,0.0,0.0,0.0
20230725,0.0,0.0,0.0
20230726,0.0,0.0,0.0
20230727,0.0,0.0,0.0
20230728,0.0,0.0,0.0
20230729,0.0,0.0,0.0
20230730,0.0,0.0,0.0
20230731,0.0,0.0,0.0
20230801,0.0,0.0,0.0
20230802,0.0,0.0,0.0
20230803,0.0,0.0,0.0
20230804,0.0,0.0,0.0
20230805,0.0,0.0,0.0
20230806,0.0,0.0,0.0
20230807,0.0,0.0,0.0
20230808,0.0,0.0,0.0
20230809,4.6,0.0,0.0
20230810,0.0,0.0,0.0
20230811,0.2,0.0,2.5
20230812,0.0,0.0,0.0
20230813,0.5,0.0,0.0
20230814,0.0,0.0,0.0
20230815,0.0,0.0,0.0
20230816,0.0,0.0,0.0
20230817,0.0,0.0,0.0
20230818,0.0,0.0,0.0
20230819,0.0,0.0,0.0
20230820,0.0,0.0,0.0
20230821,0.0,0.0,0.0
20230822,18.9,0.0,0.0
20230823,0.0,0.0,0.0
20230824,0.0,0.0,0.0
20230825,0.0,0.0,0.0
20230826,0.0,0.0,0.0
20230827,0.0,0.0,0.0
20230828,0.0,0.0,0.0
20230829,0.0,0.0,0.0
20230830,0.3,0.4,0.0
20230831,11.1,2.2,4.1
20230901,0.0,0.0,0.0
20230902,0.0,0.1,0.0
20230903,10.6,11.4,22.7
20230904,0.0,0.0,0.0
20230905,0.0,0.1,3.6
20230906,0.0,22.0,0.8
20230907,0.5,3.0,1.4
20230908,0.0,0.0,0.0
20230909,0.0,0.0,0.0
20230910,0.0,0.0,0.0
20230911,0.0,0.0,0.2
20230912,0.0,0.0,0.0
20230913,0.0,0.0,0.9
20230914,0.0,0.0,2.0
20230915,0.0,0.0,0.0
20230916,0.0,0.0,0.0
20230917,2.4,0.0,6.4
20230918,0.0,0.0,0.0
20230919,0.0,0.0,0.0
20230920,0.3,0.0,0.0
20230921,0.0,0.0,0.0
20230922,0.5,0.0,9.7
20230923,0.0,0.0,0.0
20230924,0.0,0.3,0.0
20230925,0.0,0.0,0.0
20230926,0.0,0.0,0.0
20230927,0.0,0.0,0.0
20230928,0.0,0.0,3.1
20230929,0.1,7.2,5.1
20230930,14.7,4.4,15.8
20231001,1.7,4.5,1.5
20231002,0.0,0.1,1.5
20231003,0.0,0.0,2.4
20231004,0.0,0.0,0.0
20231005,0.0,0.0,1.5
20231006,1.1,0.0,0.0
20231007,21.5,0.0,0.1
20231008,87.1,0.7,9.1
20231009,19.0,5.3,38.6
20231010,5.6,0.0,0.0
20231011,0.0,3.0,0.2
20231012,0.8,0.0,0.0
20231013,65.8,33.8,39.8
20231014,15.4,8.6,12.2
20231015,10.9,17.9,31.3
20231016,0.0,0.0,0.0
20231017,46.3,42.6,13.1
20231018,3.7,0.4,10.7
20231019,7.6,0.7,0.0
20231020,8.6,4.7,77.7
20231021,6.3,0.2,0.0
20231022,2.6,17.7,0.0
20231023,0.0,0.0,1.0
20231024,70.4,49.6,10.2
20231025,3.1,32.6,7.3
20231026,0.0,0.0,0.0
20231027,0.0,4.5,16.2
20231028,0.0,3.4,15.6
20231029,0.3,17.1,2.0
20231030,4.6,7.9,1.0
20231031,0.0,2.0,0.5
20231101,6.3,5.7,22.2
20231102,0.0,2.1,0.5
20231103,54.8,146.9,118.9
20231104,85.9,121.3,102.9
20231105,15.6,9.5,28.3
20231106,12.0,16.6,4.2
20231107,4.8,7.2,15.2
20231108,2.1,0.0,0.2
20231109,2.8,10.6,15.3
20231110,16.4,0.4,11.6
20231111,19.4,1.1,6.1
20231112,27.4,32.8,42.2
20231113,6.1,0.0,0.0
20231114,8.8,11.2,9.5
20231115,4.6,0.7,0.0
20231116,2.0,1.2,0.7
20231117,0.0,0.0,1.4
20231118,87.0,5.9,6.9
20231119,42.1,6.5,1.0
20231120,7.3,8.8,4.5
20231121,14.1,6.9,25.4
20231122,43.1,5.0,50.0
20231123,0.0,0.0,0.0
20231124,0.1,0.0,3.8
20231125,6.7,0.0,0.0
20231126,0.4,0.0,0.1
20231127,0.0,7.4,9.2
20231128,9.6,8.3,1.2
20231129,25.4,1.4,0.0
20231130,27.8,2.3,5.2
20231201,42.5,22.7,17.2
20231202,6.2,5.8,7.7
20231203,38.9,18.6,0.2
20231204,8.3,2.6,0.8
20231205,0.0,0.0,0.0
20231206,4.7,0.0,0.0
20231207,0.0,8.1,29.7
20231208,16.6,5.1,13.4
20231209,3.6,0.8,0.0
20231210,46.0,11.0,15.5
20231211,12.7,4.0,3.3
20231212,0.0,0.0,0.6
20231213,2.5,0.0,0.0
20231214,53.7,43.3,41.9
20231215,40.7,62.4,54.6
20231216,48.5,7.0,7.7
20231217,29.7,3.7,8.9
20231218,24.3,2.2,2.6
20231219,0.3,6.9,3.9
20231220,9.5,1.0,2.8
20231221,1.6,0.0,0.0
20231222,0.0,0.0,0.0
20231223,13.1,0.0,0.0
20231224,2.0,0.1,0.3
20231225,5.2,0.0,0.1
20231226,4.9,1.2,8.6
20231227,6.6,3.0,22.3
20231228,4.9,21.1,45.3
20231229,1.6,0.0,2.5
20231230,2.7,6.0,21.5
20231231,0.0,0.0,2.9
